time	event	start	end	haplotype	left	right	adjacent_to_terminal
2026-03-20T16:27:47	CO-terminal	1	145000	B	tel	A	False
2026-03-20T16:27:47	GC-NCO	145001	204841	A	B	B	True
2026-03-20T16:27:47	GC-NCO	204842	208855	B	A	het	True
2026-03-20T16:27:47	GC-NCO	307631	311829	B	het	het	False
2026-03-20T16:27:47	GC-NCO	328581	330376	A	het	het	False
2026-03-20T16:27:47	GC-NCO	369082	379921	B	het	A	True
2026-03-20T16:27:47	GC-NCO	379922	417952	A	B	B	True
2026-03-20T16:27:47	GC-NCO	417953	421167	B	A	A	True
2026-03-20T16:27:47	GC-NCO	421168	432725	A	B	B	True
2026-03-20T16:27:47	GC-NCO	432726	435325	B	A	A	True
2026-03-20T16:27:47	GC-NCO	435326	668589	A	B	B	True
2026-03-20T16:27:47	CO-terminal	668590	814434	B	A	tel	False
2026-03-20T16:27:47	CO-terminal	1	193943	B	tel	het	False
2026-03-20T16:27:47	GC-CO	244804	264181	A	het	B	True
2026-03-20T16:27:47	GC-NCO	264182	267254	B	A	A	True
2026-03-20T16:27:47	GC-NCO	267255	427872	A	B	B	True
2026-03-20T16:27:47	GC-NCO	427873	570174	B	A	A	True
2026-03-20T16:27:47	GC-NCO	570175	573863	A	B	B	True
2026-03-20T16:27:47	CO-terminal	573864	814434	B	A	tel	False
2026-03-20T16:27:48	CO-terminal	1	20740	B	tel	A	False
2026-03-20T16:27:48	GC-CO	20741	216853	A	B	het	True
2026-03-20T16:27:48	GC-NCO	347309	351134	A	het	het	False
2026-03-20T16:27:48	GC-CO	353864	354762	A	het	het	False
2026-03-20T16:27:48	GC-NCO	358084	361736	A	het	het	False
2026-03-20T16:27:48	GC-NCO	397809	399369	B	het	het	False
2026-03-20T16:27:48	GC-NCO	401813	413416	A	het	B	True
2026-03-20T16:27:48	GC-NCO	413417	526487	B	A	A	True
2026-03-20T16:27:48	CO-terminal	526488	814434	A	B	tel	False
2026-03-20T16:27:48	CO-terminal	1	204732	A	tel	het	False
2026-03-20T16:27:48	GC-CO	254609	379035	A	het	B	True
2026-03-20T16:27:48	GC-NCO	379036	522486	B	A	A	True
2026-03-20T16:27:48	CO-terminal	522487	814434	A	B	tel	False
2026-03-20T16:27:48	CO-terminal	1	193012	A	tel	het	False
2026-03-20T16:27:48	GC-CO	253352	333405	A	het	het	False
2026-03-20T16:27:48	GC-CO	333677	521922	B	het	A	True
2026-03-20T16:27:48	GC-NCO	521923	662690	A	B	B	True
2026-03-20T16:27:48	GC-NCO	662691	665018	B	A	A	True
2026-03-20T16:27:48	GC-NCO	665019	716084	A	B	B	True
2026-03-20T16:27:48	CO-terminal	716085	814434	B	A	tel	False
2026-03-20T16:27:48	CO-terminal	1	212305	A	tel	het	False
2026-03-20T16:27:48	GC-CO	396721	397025	A	het	het	False
2026-03-20T16:27:48	GC-CO	441593	754760	B	het	A	True
2026-03-20T16:27:48	CO-terminal	754761	814434	A	B	tel	False
2026-03-20T16:27:48	CO-terminal	1	55004	A	tel	B	False
2026-03-20T16:27:48	GC-NCO	55005	55374	B	A	A	True
2026-03-20T16:27:48	GC-NCO	55375	87424	A	B	B	True
2026-03-20T16:27:48	GC-CO	87425	191426	B	A	het	True
2026-03-20T16:27:48	GC-NCO	209761	214351	B	het	het	False
2026-03-20T16:27:48	GC-CO	219967	224017	B	het	het	False
2026-03-20T16:27:48	CO-terminal	268311	814434	A	het	tel	False
2026-03-20T16:27:49	CO-terminal	1	33953	B	tel	het	False
2026-03-20T16:27:49	GC-CO	34837	36489	A	het	het	False
2026-03-20T16:27:49	GC-NCO	50019	52915	A	het	het	False
2026-03-20T16:27:49	GC-CO	54170	55391	A	het	het	False
2026-03-20T16:27:49	GC-NCO	84492	87279	B	het	het	False
2026-03-20T16:27:49	GC-NCO	88826	93543	B	het	het	False
2026-03-20T16:27:49	GC-NCO	133823	137604	B	het	het	False
2026-03-20T16:27:49	GC-NCO	183571	185938	B	het	het	False
2026-03-20T16:27:49	GC-NCO	211641	214992	A	het	het	False
2026-03-20T16:27:49	GC-CO	224665	228187	B	het	het	False
2026-03-20T16:27:49	GC-NCO	248066	409502	B	het	A	True
2026-03-20T16:27:49	CO-terminal	409503	814434	A	B	tel	False
2026-03-20T16:27:49	CO-terminal	1	118373	B	tel	A	False
2026-03-20T16:27:49	GC-NCO	118374	122519	A	B	B	True
2026-03-20T16:27:49	GC-NCO	122520	175833	B	A	A	True
2026-03-20T16:27:49	GC-NCO	175834	202058	A	B	het	True
2026-03-20T16:27:49	GC-CO	203213	205259	B	het	het	False
2026-03-20T16:27:49	GC-NCO	268855	451678	B	het	A	True
2026-03-20T16:27:49	GC-NCO	451679	454836	A	B	B	True
2026-03-20T16:27:49	GC-NCO	454837	716155	B	A	A	True
2026-03-20T16:27:49	CO-terminal	716156	814434	A	B	tel	False
2026-03-20T16:27:49	CO-terminal	1	1276	B	tel	A	False
2026-03-20T16:27:49	GC-NCO	1277	128775	A	B	het	True
2026-03-20T16:27:49	GC-NCO	159493	163421	B	het	het	False
2026-03-20T16:27:49	GC-CO	185256	188347	B	het	het	False
2026-03-20T16:27:49	GC-NCO	194266	194437	B	het	het	False
2026-03-20T16:27:49	GC-CO	247491	248234	A	het	het	False
2026-03-20T16:27:49	GC-CO	271719	275870	B	het	A	True
2026-03-20T16:27:49	GC-NCO	275871	294487	A	B	B	True
2026-03-20T16:27:49	GC-NCO	294488	449946	B	A	A	True
2026-03-20T16:27:49	GC-NCO	449947	454001	A	B	B	True
2026-03-20T16:27:49	GC-NCO	454002	520081	B	A	A	True
2026-03-20T16:27:49	GC-NCO	520082	524825	A	B	B	True
2026-03-20T16:27:49	GC-NCO	524826	566942	B	A	A	True
2026-03-20T16:27:49	GC-NCO	566943	571139	A	B	B	True
2026-03-20T16:27:49	GC-NCO	571140	574650	B	A	A	True
2026-03-20T16:27:49	GC-NCO	574651	609118	A	B	B	True
2026-03-20T16:27:49	GC-NCO	609119	611776	B	A	A	True
2026-03-20T16:27:49	GC-NCO	611777	762753	A	B	B	True
2026-03-20T16:27:49	CO-terminal	762754	814434	B	A	tel	False
2026-03-20T16:27:49	CO-terminal	1	64621	A	tel	B	False
2026-03-20T16:27:49	GC-NCO	64622	183680	B	A	A	True
2026-03-20T16:27:49	GC-CO	183681	200776	A	B	het	True
2026-03-20T16:27:49	GC-NCO	356651	357403	B	het	het	False
2026-03-20T16:27:49	CO-terminal	367499	814434	B	het	tel	False
2026-03-20T16:27:50	CO-terminal	1	72959	B	tel	A	False
2026-03-20T16:27:50	GC-NCO	72960	73621	A	B	B	True
2026-03-20T16:27:50	GC-NCO	73622	87632	B	A	het	True
2026-03-20T16:27:50	GC-NCO	239866	244047	A	het	het	False
2026-03-20T16:27:50	CO-terminal	247159	814434	B	het	tel	False
2026-03-20T16:27:50	GC-NCO	7116	7248	A	het	het	False
2026-03-20T16:27:50	GC-CO	10744	16939	A	het	het	False
2026-03-20T16:27:50	GC-NCO	241125	270292	B	het	A	True
2026-03-20T16:27:50	GC-NCO	270293	273752	A	B	B	True
2026-03-20T16:27:50	GC-NCO	273753	476442	B	A	A	True
2026-03-20T16:27:50	GC-NCO	476443	600572	A	B	B	True
2026-03-20T16:27:50	GC-NCO	600573	602244	B	A	A	True
2026-03-20T16:27:50	CO-terminal	602245	814434	A	B	tel	False
2026-03-20T16:27:50	CO-terminal	1	76685	B	tel	A	False
2026-03-20T16:27:50	GC-NCO	76686	186407	A	B	B	True
2026-03-20T16:27:50	GC-NCO	186408	190233	B	A	het	True
2026-03-20T16:27:50	GC-NCO	190694	234552	A	het	het	False
2026-03-20T16:27:50	GC-NCO	241260	241776	B	het	het	False
2026-03-20T16:27:50	GC-CO	281405	367718	A	het	B	True
2026-03-20T16:27:50	CO-terminal	367719	814434	B	A	tel	False
2026-03-20T16:27:50	CO-terminal	1	25836	A	tel	B	False
2026-03-20T16:27:50	GC-NCO	25837	26658	B	A	A	True
2026-03-20T16:27:50	GC-NCO	26659	53211	A	B	B	True
2026-03-20T16:27:50	GC-NCO	53212	56474	B	A	A	True
2026-03-20T16:27:50	GC-CO	56475	71088	A	B	het	True
2026-03-20T16:27:50	GC-NCO	150540	153716	A	het	het	False
2026-03-20T16:27:50	GC-NCO	168307	170069	A	het	het	False
2026-03-20T16:27:50	GC-NCO	301520	486547	B	het	A	True
2026-03-20T16:27:50	GC-NCO	486548	627022	A	B	B	True
2026-03-20T16:27:50	GC-NCO	627023	627618	B	A	A	True
2026-03-20T16:27:50	GC-NCO	627619	628422	A	B	B	True
2026-03-20T16:27:50	GC-NCO	628423	631409	B	A	A	True
2026-03-20T16:27:50	CO-terminal	631410	814434	A	B	tel	False
2026-03-20T16:27:50	CO-terminal	1	120358	B	tel	het	False
2026-03-20T16:27:50	GC-CO	182532	185813	B	het	het	False
2026-03-20T16:27:50	GC-NCO	204721	208223	B	het	het	False
2026-03-20T16:27:50	GC-CO	210320	213390	B	het	het	False
2026-03-20T16:27:50	GC-CO	387617	389044	A	het	het	False
2026-03-20T16:27:50	GC-CO	501299	556018	B	het	A	True
2026-03-20T16:27:50	CO-terminal	556019	814434	A	B	tel	False
2026-03-20T16:27:51	CO-terminal	1	97513	B	tel	A	False
2026-03-20T16:27:51	GC-NCO	97514	100748	A	B	B	True
2026-03-20T16:27:51	GC-CO	100749	134192	B	A	het	True
2026-03-20T16:27:51	GC-CO	158749	161014	B	het	het	False
2026-03-20T16:27:51	GC-CO	253786	256776	B	het	het	False
2026-03-20T16:27:51	CO-terminal	307751	814434	B	het	tel	False
2026-03-20T16:27:51	CO-terminal	1	190737	B	tel	A	False
2026-03-20T16:27:51	GC-NCO	190738	195302	A	B	B	True
2026-03-20T16:27:51	GC-NCO	195303	216003	B	A	het	True
2026-03-20T16:27:51	GC-NCO	237796	238999	A	het	het	False
2026-03-20T16:27:51	GC-NCO	251453	254113	A	het	het	False
2026-03-20T16:27:51	CO-terminal	301635	814434	B	het	tel	False
2026-03-20T16:27:51	CO-terminal	1	225084	A	tel	het	False
2026-03-20T16:27:51	GC-NCO	225188	227795	B	het	het	False
2026-03-20T16:27:51	GC-CO	235933	237074	B	het	het	False
2026-03-20T16:27:51	GC-NCO	237430	238999	A	het	het	False
2026-03-20T16:27:51	GC-NCO	249743	310928	B	het	A	True
2026-03-20T16:27:51	GC-NCO	310929	705073	A	B	B	True
2026-03-20T16:27:51	CO-terminal	705074	814434	B	A	tel	False
2026-03-20T16:27:51	CO-terminal	1	13517	B	tel	A	False
2026-03-20T16:27:51	GC-NCO	13518	32693	A	B	B	True
2026-03-20T16:27:51	GC-NCO	32694	173987	B	A	A	True
2026-03-20T16:27:51	GC-CO	173988	196954	A	B	het	True
2026-03-20T16:27:51	GC-NCO	200091	203228	A	het	het	False
2026-03-20T16:27:51	GC-NCO	217539	218100	A	het	het	False
2026-03-20T16:27:51	GC-NCO	220288	223014	A	het	het	False
2026-03-20T16:27:51	GC-NCO	234917	238447	B	het	het	False
2026-03-20T16:27:51	CO-terminal	249477	814434	A	het	tel	False
2026-03-20T16:27:52	CO-terminal	1	159687	B	tel	het	False
2026-03-20T16:27:52	GC-NCO	164486	169238	A	het	het	False
2026-03-20T16:27:52	GC-NCO	187739	189214	B	het	het	False
2026-03-20T16:27:52	GC-CO	213427	213644	A	het	het	False
2026-03-20T16:27:52	GC-CO	275882	296147	A	het	B	True
2026-03-20T16:27:52	GC-NCO	296148	415284	B	A	A	True
2026-03-20T16:27:52	CO-terminal	415285	814434	A	B	tel	False
2026-03-20T16:27:52	CO-terminal	1	5079	B	tel	A	False
2026-03-20T16:27:52	GC-NCO	5080	13971	A	B	B	True
2026-03-20T16:27:52	GC-NCO	13972	135513	B	A	het	True
2026-03-20T16:27:52	GC-NCO	186553	190079	B	het	het	False
2026-03-20T16:27:52	GC-NCO	194911	195853	B	het	het	False
2026-03-20T16:27:52	GC-NCO	205392	209107	A	het	het	False
2026-03-20T16:27:52	GC-NCO	213248	215076	A	het	het	False
2026-03-20T16:27:52	GC-CO	241319	242807	A	het	B	True
2026-03-20T16:27:52	GC-NCO	242808	246728	B	A	A	True
2026-03-20T16:27:52	GC-NCO	246729	462903	A	B	B	True
2026-03-20T16:27:52	GC-NCO	462904	465304	B	A	A	True
2026-03-20T16:27:52	GC-NCO	465305	779246	A	B	B	True
2026-03-20T16:27:52	CO-terminal	779247	814434	B	A	tel	False
2026-03-20T16:27:52	CO-terminal	1	78931	A	tel	B	False
2026-03-20T16:27:52	GC-NCO	78932	178972	B	A	het	True
2026-03-20T16:27:52	GC-NCO	189356	190579	A	het	het	False
2026-03-20T16:27:52	GC-CO	191929	196350	B	het	het	False
2026-03-20T16:27:52	GC-CO	224388	227505	A	het	het	False
2026-03-20T16:27:52	GC-NCO	266817	268020	A	het	het	False
2026-03-20T16:27:52	GC-NCO	269495	507181	B	het	A	True
2026-03-20T16:27:52	GC-NCO	507182	520035	A	B	B	True
2026-03-20T16:27:52	CO-terminal	520036	814434	B	A	tel	False
2026-03-20T16:27:52	CO-terminal	1	115130	A	tel	B	False
2026-03-20T16:27:52	GC-NCO	115131	129880	B	A	A	True
2026-03-20T16:27:52	GC-NCO	129881	167979	A	B	B	True
2026-03-20T16:27:52	GC-NCO	167980	201374	B	A	het	True
2026-03-20T16:27:52	GC-NCO	209275	209946	B	het	het	False
2026-03-20T16:27:52	GC-NCO	229119	232558	B	het	het	False
2026-03-20T16:27:52	GC-NCO	313573	314480	A	het	het	False
2026-03-20T16:27:52	GC-NCO	342319	346901	A	het	het	False
2026-03-20T16:27:52	CO-terminal	374632	814434	B	het	tel	False
2026-03-20T16:27:53	CO-terminal	1	100443	A	tel	het	False
2026-03-20T16:27:53	GC-CO	167639	172114	B	het	het	False
2026-03-20T16:27:53	GC-CO	208007	210978	B	het	het	False
2026-03-20T16:27:53	GC-CO	240301	243821	A	het	het	False
2026-03-20T16:27:53	GC-NCO	299754	303176	A	het	het	False
2026-03-20T16:27:53	GC-NCO	314460	318343	A	het	het	False
2026-03-20T16:27:53	CO-terminal	348612	814434	A	het	tel	False
2026-03-20T16:27:53	CO-terminal	1	19785	A	tel	B	False
2026-03-20T16:27:53	GC-NCO	19786	197087	B	A	A	True
2026-03-20T16:27:53	GC-CO	197088	203335	A	B	het	True
2026-03-20T16:27:53	GC-CO	240939	242349	B	het	het	False
2026-03-20T16:27:53	GC-CO	340570	344375	A	het	het	False
2026-03-20T16:27:53	GC-NCO	393905	395191	B	het	het	False
2026-03-20T16:27:53	GC-NCO	472439	474575	A	het	het	False
2026-03-20T16:27:53	GC-NCO	483574	545387	B	het	A	True
2026-03-20T16:27:53	GC-NCO	545388	547487	A	B	B	True
2026-03-20T16:27:53	GC-NCO	547488	588691	B	A	A	True
2026-03-20T16:27:53	GC-NCO	588692	592489	A	B	B	True
2026-03-20T16:27:53	GC-NCO	592490	619283	B	A	A	True
2026-03-20T16:27:53	GC-NCO	619284	661152	A	B	B	True
2026-03-20T16:27:53	GC-NCO	661153	710425	B	A	A	True
2026-03-20T16:27:53	GC-NCO	710426	711548	A	B	B	True
2026-03-20T16:27:53	GC-NCO	711549	719821	B	A	A	True
2026-03-20T16:27:53	GC-NCO	719822	797784	A	B	B	True
2026-03-20T16:27:53	CO-terminal	797785	814434	B	A	tel	False
2026-03-20T16:27:53	CO-terminal	1	33335	A	tel	B	False
2026-03-20T16:27:53	GC-NCO	33336	37161	B	A	A	True
2026-03-20T16:27:53	GC-NCO	37162	136476	A	B	B	True
2026-03-20T16:27:53	GC-NCO	136477	196401	B	A	het	True
2026-03-20T16:27:53	GC-CO	368062	406869	A	het	B	True
2026-03-20T16:27:53	GC-NCO	406870	655114	B	A	A	True
2026-03-20T16:27:53	CO-terminal	655115	814434	A	B	tel	False
2026-03-20T16:27:53	CO-terminal	1	20220	A	tel	het	False
2026-03-20T16:27:53	GC-NCO	37519	39377	B	het	het	False
2026-03-20T16:27:53	GC-NCO	324129	412821	B	het	A	True
2026-03-20T16:27:53	GC-NCO	412822	543476	A	B	B	True
2026-03-20T16:27:53	GC-NCO	543477	545669	B	A	A	True
2026-03-20T16:27:53	CO-terminal	545670	814434	A	B	tel	False
2026-03-20T16:27:53	CO-terminal	1	835	A	tel	B	False
2026-03-20T16:27:53	GC-NCO	836	2373	B	A	A	True
2026-03-20T16:27:53	GC-NCO	2374	27485	A	B	B	True
2026-03-20T16:27:53	GC-NCO	27486	97330	B	A	het	True
2026-03-20T16:27:53	GC-NCO	101555	103602	B	het	het	False
2026-03-20T16:27:53	GC-NCO	134371	137741	B	het	het	False
2026-03-20T16:27:53	GC-NCO	159969	163846	B	het	het	False
2026-03-20T16:27:53	GC-CO	244729	659080	A	het	B	True
2026-03-20T16:27:53	CO-terminal	659081	814434	B	A	tel	False
2026-03-20T16:27:54	CO-terminal	1	69641	A	tel	het	False
2026-03-20T16:27:54	GC-NCO	112921	116725	A	het	het	False
2026-03-20T16:27:54	GC-NCO	120085	120198	B	het	het	False
2026-03-20T16:27:54	GC-NCO	211778	212558	A	het	het	False
2026-03-20T16:27:54	GC-NCO	240384	241166	A	het	het	False
2026-03-20T16:27:54	GC-CO	321753	322376	B	het	het	False
2026-03-20T16:27:54	GC-NCO	398637	478899	A	het	B	True
2026-03-20T16:27:54	CO-terminal	478900	814434	B	A	tel	False
2026-03-20T16:27:54	CO-terminal	1	199367	B	tel	het	False
2026-03-20T16:27:54	GC-NCO	261331	283213	B	het	A	True
2026-03-20T16:27:54	GC-NCO	283214	285666	A	B	B	True
2026-03-20T16:27:54	GC-NCO	285667	711251	B	A	A	True
2026-03-20T16:27:54	CO-terminal	711252	814434	A	B	tel	False
2026-03-20T16:27:54	CO-terminal	1	113677	A	tel	B	False
2026-03-20T16:27:54	GC-NCO	113678	114901	B	A	A	True
2026-03-20T16:27:54	GC-NCO	114902	138414	A	B	B	True
2026-03-20T16:27:54	GC-NCO	138415	163415	B	A	het	True
2026-03-20T16:27:54	GC-NCO	267112	269743	A	het	het	False
2026-03-20T16:27:54	GC-CO	335174	339791	A	het	het	False
2026-03-20T16:27:54	GC-NCO	361979	364437	A	het	het	False
2026-03-20T16:27:54	GC-NCO	367988	400385	A	het	B	True
2026-03-20T16:27:54	GC-NCO	400386	448788	B	A	A	True
2026-03-20T16:27:54	GC-NCO	448789	483679	A	B	B	True
2026-03-20T16:27:54	GC-NCO	483680	486721	B	A	A	True
2026-03-20T16:27:54	GC-NCO	486722	510772	A	B	B	True
2026-03-20T16:27:54	GC-NCO	510773	616990	B	A	A	True
2026-03-20T16:27:54	GC-NCO	616991	704733	A	B	B	True
2026-03-20T16:27:54	CO-terminal	704734	814434	B	A	tel	False
2026-03-20T16:27:54	CO-terminal	1	153414	A	tel	het	False
2026-03-20T16:27:54	GC-NCO	171380	171856	B	het	het	False
2026-03-20T16:27:54	GC-NCO	241456	361351	B	het	A	True
2026-03-20T16:27:54	GC-NCO	361352	365939	A	B	B	True
2026-03-20T16:27:54	GC-NCO	365940	413104	B	A	A	True
2026-03-20T16:27:54	GC-NCO	413105	415256	A	B	B	True
2026-03-20T16:27:54	GC-NCO	415257	659699	B	A	A	True
2026-03-20T16:27:54	CO-terminal	659700	814434	A	B	tel	False
2026-03-20T16:27:55	CO-terminal	1	182183	A	tel	B	False
2026-03-20T16:27:55	GC-NCO	182184	209644	B	A	het	True
2026-03-20T16:27:55	GC-NCO	271998	392124	B	het	A	True
2026-03-20T16:27:55	GC-NCO	392125	510600	A	B	B	True
2026-03-20T16:27:55	GC-NCO	510601	514785	B	A	A	True
2026-03-20T16:27:55	GC-NCO	514786	766478	A	B	B	True
2026-03-20T16:27:55	CO-terminal	766479	814434	B	A	tel	False
2026-03-20T16:27:55	CO-terminal	1	109737	B	tel	A	False
2026-03-20T16:27:55	GC-NCO	109738	151575	A	B	het	True
2026-03-20T16:27:55	GC-CO	155020	158537	A	het	het	False
2026-03-20T16:27:55	GC-NCO	200162	204301	B	het	het	False
2026-03-20T16:27:55	GC-NCO	215223	219291	A	het	het	False
2026-03-20T16:27:55	GC-CO	246121	250671	B	het	het	False
2026-03-20T16:27:55	GC-CO	264114	325309	B	het	A	True
2026-03-20T16:27:55	GC-NCO	325310	328630	A	B	B	True
2026-03-20T16:27:55	GC-NCO	328631	364620	B	A	A	True
2026-03-20T16:27:55	GC-NCO	364621	679956	A	B	B	True
2026-03-20T16:27:55	GC-NCO	679957	782315	B	A	A	True
2026-03-20T16:27:55	CO-terminal	782316	814434	A	B	tel	False
2026-03-20T16:27:55	CO-terminal	1	229651	A	tel	het	False
2026-03-20T16:27:55	GC-CO	279593	301775	A	het	B	True
2026-03-20T16:27:55	GC-NCO	301776	302784	B	A	A	True
2026-03-20T16:27:55	GC-NCO	302785	508401	A	B	B	True
2026-03-20T16:27:55	CO-terminal	508402	814434	B	A	tel	False
2026-03-20T16:27:55	CO-terminal	1	35065	A	tel	B	False
2026-03-20T16:27:55	GC-NCO	35066	138075	B	A	A	True
2026-03-20T16:27:55	GC-CO	138076	214069	A	B	het	True
2026-03-20T16:27:55	GC-CO	241535	244025	A	het	het	False
2026-03-20T16:27:55	GC-NCO	253792	256563	B	het	het	False
2026-03-20T16:27:55	GC-NCO	336123	337289	B	het	het	False
2026-03-20T16:27:55	CO-terminal	356918	814434	A	het	tel	False
2026-03-20T16:27:55	CO-terminal	1	202137	A	tel	B	False
2026-03-20T16:27:55	GC-NCO	202138	234619	B	A	het	True
2026-03-20T16:27:55	GC-CO	273538	608987	A	het	B	True
2026-03-20T16:27:55	GC-NCO	608988	610612	B	A	A	True
2026-03-20T16:27:55	GC-NCO	610613	630461	A	B	B	True
2026-03-20T16:27:55	CO-terminal	630462	814434	B	A	tel	False
2026-03-20T16:27:56	CO-terminal	1	126373	A	tel	B	False
2026-03-20T16:27:56	GC-NCO	126374	130874	B	A	A	True
2026-03-20T16:27:56	GC-CO	130875	219353	A	B	het	True
2026-03-20T16:27:56	GC-NCO	264288	336893	B	het	A	True
2026-03-20T16:27:56	GC-NCO	336894	430769	A	B	B	True
2026-03-20T16:27:56	GC-NCO	430770	644437	B	A	A	True
2026-03-20T16:27:56	CO-terminal	644438	814434	A	B	tel	False
2026-03-20T16:27:56	CO-terminal	1	210814	B	tel	het	False
2026-03-20T16:27:56	GC-NCO	321511	501782	B	het	A	True
2026-03-20T16:27:56	CO-terminal	501783	814434	A	B	tel	False
2026-03-20T16:27:56	CO-terminal	1	170991	B	tel	A	False
2026-03-20T16:27:56	GC-CO	170992	179244	A	B	het	True
2026-03-20T16:27:56	GC-NCO	240599	244727	B	het	het	False
2026-03-20T16:27:56	GC-NCO	269771	372664	B	het	A	True
2026-03-20T16:27:56	GC-NCO	372665	407782	A	B	B	True
2026-03-20T16:27:56	GC-NCO	407783	563393	B	A	A	True
2026-03-20T16:27:56	GC-NCO	563394	566302	A	B	B	True
2026-03-20T16:27:56	CO-terminal	566303	814434	B	A	tel	False
2026-03-20T16:27:56	CO-terminal	1	234355	B	tel	het	False
2026-03-20T16:27:56	GC-NCO	342033	344049	A	het	het	False
2026-03-20T16:27:56	GC-NCO	344375	347519	B	het	het	False
2026-03-20T16:27:56	GC-NCO	381004	416277	B	het	A	True
2026-03-20T16:27:56	GC-NCO	416278	520378	A	B	B	True
2026-03-20T16:27:56	GC-NCO	520379	716829	B	A	A	True
2026-03-20T16:27:56	GC-NCO	716830	718291	A	B	B	True
2026-03-20T16:27:56	CO-terminal	718292	814434	B	A	tel	False
2026-03-20T16:27:57	CO-terminal	1	16933	A	tel	B	False
2026-03-20T16:27:57	GC-NCO	16934	87089	B	A	het	True
2026-03-20T16:27:57	GC-NCO	159151	161152	B	het	het	False
2026-03-20T16:27:57	GC-NCO	170699	175018	A	het	het	False
2026-03-20T16:27:57	GC-NCO	180959	181629	A	het	het	False
2026-03-20T16:27:57	GC-CO	250303	250574	A	het	het	False
2026-03-20T16:27:57	GC-NCO	250874	302124	A	het	B	True
2026-03-20T16:27:57	GC-NCO	302125	401582	B	A	A	True
2026-03-20T16:27:57	GC-NCO	401583	404042	A	B	B	True
2026-03-20T16:27:57	GC-NCO	404043	528944	B	A	A	True
2026-03-20T16:27:57	GC-NCO	528945	531658	A	B	B	True
2026-03-20T16:27:57	GC-NCO	531659	721786	B	A	A	True
2026-03-20T16:27:57	GC-NCO	721787	723983	A	B	B	True
2026-03-20T16:27:57	CO-terminal	723984	814434	B	A	tel	False
2026-03-20T16:27:57	CO-terminal	1	117796	A	tel	het	False
2026-03-20T16:27:57	GC-CO	124966	127241	B	het	het	False
2026-03-20T16:27:57	GC-CO	128568	129602	A	het	het	False
2026-03-20T16:27:57	GC-NCO	188853	189317	B	het	het	False
2026-03-20T16:27:57	GC-CO	259104	261315	B	het	het	False
2026-03-20T16:27:57	GC-NCO	273738	277802	A	het	het	False
2026-03-20T16:27:57	GC-NCO	290322	295223	A	het	het	False
2026-03-20T16:27:57	GC-NCO	314111	335066	A	het	B	True
2026-03-20T16:27:57	GC-NCO	335067	537780	B	A	A	True
2026-03-20T16:27:57	GC-NCO	537781	665721	A	B	B	True
2026-03-20T16:27:57	CO-terminal	665722	814434	B	A	tel	False
2026-03-20T16:27:57	CO-terminal	1	46826	A	tel	het	False
2026-03-20T16:27:57	GC-NCO	94844	99048	B	het	het	False
2026-03-20T16:27:57	GC-NCO	129434	133535	B	het	het	False
2026-03-20T16:27:57	GC-NCO	156463	159888	B	het	het	False
2026-03-20T16:27:57	GC-CO	256492	308006	A	het	B	True
2026-03-20T16:27:57	GC-NCO	308007	463241	B	A	A	True
2026-03-20T16:27:57	GC-NCO	463242	466392	A	B	B	True
2026-03-20T16:27:57	CO-terminal	466393	814434	B	A	tel	False
2026-03-20T16:27:57	GC-NCO	113170	115569	B	het	het	False
2026-03-20T16:27:57	GC-NCO	165111	165919	B	het	het	False
2026-03-20T16:27:57	GC-NCO	252213	254831	B	het	het	False
2026-03-20T16:27:57	GC-NCO	288469	289206	A	het	het	False
2026-03-20T16:27:57	GC-NCO	445621	447704	A	het	het	False
2026-03-20T16:27:57	CO-terminal	513994	814434	A	het	tel	False
2026-03-20T16:27:57	CO-terminal	1	206561	B	tel	het	False
2026-03-20T16:27:57	GC-NCO	268890	322882	B	het	A	True
2026-03-20T16:27:57	GC-NCO	322883	373645	A	B	B	True
2026-03-20T16:27:57	CO-terminal	373646	814434	B	A	tel	False
2026-03-20T16:27:58	CO-terminal	1	55924	A	tel	B	False
2026-03-20T16:27:58	GC-NCO	55925	56652	B	A	A	True
2026-03-20T16:27:58	GC-NCO	56653	92438	A	B	B	True
2026-03-20T16:27:58	GC-NCO	92439	98075	B	A	A	True
2026-03-20T16:27:58	GC-CO	98076	152116	A	B	het	True
2026-03-20T16:27:58	GC-CO	166889	168206	B	het	het	False
2026-03-20T16:27:58	GC-CO	173366	177699	A	het	het	False
2026-03-20T16:27:58	GC-NCO	217095	219911	A	het	het	False
2026-03-20T16:27:58	GC-NCO	221220	223969	B	het	het	False
2026-03-20T16:27:58	GC-NCO	244688	697895	B	het	A	True
2026-03-20T16:27:58	GC-NCO	697896	791235	A	B	B	True
2026-03-20T16:27:58	CO-terminal	791236	814434	B	A	tel	False
2026-03-20T16:27:58	CO-terminal	1	84765	B	tel	A	False
2026-03-20T16:27:58	GC-CO	84766	179943	A	B	het	True
2026-03-20T16:27:58	GC-NCO	314197	318597	A	het	het	False
2026-03-20T16:27:58	GC-NCO	352071	395820	B	het	A	True
2026-03-20T16:27:58	GC-NCO	395821	397914	A	B	B	True
2026-03-20T16:27:58	GC-NCO	397915	657684	B	A	A	True
2026-03-20T16:27:58	GC-NCO	657685	682949	A	B	B	True
2026-03-20T16:27:58	GC-NCO	682950	733307	B	A	A	True
2026-03-20T16:27:58	GC-NCO	733308	794708	A	B	B	True
2026-03-20T16:27:58	CO-terminal	794709	814434	B	A	tel	False
2026-03-20T16:27:58	CO-terminal	1	43986	B	tel	A	False
2026-03-20T16:27:58	GC-NCO	43987	112509	A	B	het	True
2026-03-20T16:27:58	GC-NCO	137170	138297	A	het	het	False
2026-03-20T16:27:58	GC-NCO	174956	175884	B	het	het	False
2026-03-20T16:27:58	GC-CO	195125	197129	B	het	het	False
2026-03-20T16:27:58	GC-NCO	254553	255012	B	het	het	False
2026-03-20T16:27:58	CO-terminal	315934	814434	A	het	tel	False
2026-03-20T16:27:58	CO-terminal	1	231883	A	tel	het	False
2026-03-20T16:27:58	GC-NCO	237816	238669	A	het	het	False
2026-03-20T16:27:58	GC-CO	239201	241967	B	het	het	False
2026-03-20T16:27:58	GC-CO	246461	249474	B	het	het	False
2026-03-20T16:27:58	GC-CO	255836	375541	A	het	B	True
2026-03-20T16:27:58	CO-terminal	375542	814434	B	A	tel	False
2026-03-20T16:27:59	GC-NCO	55098	59456	B	het	het	False
2026-03-20T16:27:59	GC-NCO	90326	91623	B	het	het	False
2026-03-20T16:27:59	GC-CO	220019	224497	B	het	het	False
2026-03-20T16:27:59	GC-NCO	274484	422640	A	het	het	False
2026-03-20T16:27:59	GC-NCO	422730	429253	B	het	A	True
2026-03-20T16:27:59	CO-terminal	429254	814434	A	B	tel	False
2026-03-20T16:27:59	CO-terminal	1	43835	B	tel	het	False
2026-03-20T16:27:59	GC-NCO	124320	124475	B	het	het	False
2026-03-20T16:27:59	GC-NCO	180639	182996	A	het	het	False
2026-03-20T16:27:59	GC-CO	199807	201076	B	het	het	False
2026-03-20T16:27:59	GC-NCO	232290	236559	A	het	het	False
2026-03-20T16:27:59	GC-NCO	243183	247700	A	het	het	False
2026-03-20T16:27:59	GC-NCO	250329	643103	B	het	A	True
2026-03-20T16:27:59	CO-terminal	643104	814434	A	B	tel	False
2026-03-20T16:27:59	CO-terminal	1	61517	A	tel	B	False
2026-03-20T16:27:59	GC-NCO	61518	66363	B	A	A	True
2026-03-20T16:27:59	GC-NCO	66364	86480	A	B	B	True
2026-03-20T16:27:59	GC-NCO	86481	120188	B	A	A	True
2026-03-20T16:27:59	GC-NCO	120189	122808	A	B	B	True
2026-03-20T16:27:59	GC-NCO	122809	151610	B	A	het	True
2026-03-20T16:27:59	GC-NCO	162584	165023	A	het	het	False
2026-03-20T16:27:59	GC-NCO	184524	186123	A	het	het	False
2026-03-20T16:27:59	GC-NCO	222656	224972	A	het	het	False
2026-03-20T16:27:59	GC-NCO	258966	259197	A	het	het	False
2026-03-20T16:27:59	GC-NCO	349368	389576	B	het	A	True
2026-03-20T16:27:59	GC-NCO	389577	393042	A	B	B	True
2026-03-20T16:27:59	GC-NCO	393043	533667	B	A	A	True
2026-03-20T16:27:59	CO-terminal	533668	814434	A	B	tel	False
2026-03-20T16:27:59	GC-NCO	135757	136480	A	het	het	False
2026-03-20T16:27:59	GC-NCO	236350	238999	B	het	het	False
2026-03-20T16:27:59	GC-NCO	283981	285719	B	het	het	False
2026-03-20T16:27:59	GC-CO	359914	373894	A	het	B	True
2026-03-20T16:27:59	GC-NCO	373895	378760	B	A	A	True
2026-03-20T16:27:59	GC-NCO	378761	402263	A	B	B	True
2026-03-20T16:27:59	GC-NCO	402264	475010	B	A	A	True
2026-03-20T16:27:59	CO-terminal	475011	814434	A	B	tel	False
2026-03-20T16:27:59	CO-terminal	1	222373	B	tel	het	False
2026-03-20T16:27:59	GC-CO	235341	235460	A	het	het	False
2026-03-20T16:27:59	GC-CO	244390	246801	B	het	het	False
2026-03-20T16:27:59	GC-NCO	325871	328589	B	het	het	False
2026-03-20T16:27:59	GC-CO	344715	349548	A	het	het	False
2026-03-20T16:27:59	GC-NCO	397101	409939	B	het	A	True
2026-03-20T16:27:59	CO-terminal	409940	814434	A	B	tel	False
2026-03-20T16:28:00	CO-terminal	1	132614	A	tel	B	False
2026-03-20T16:28:00	GC-NCO	132615	133850	B	A	A	True
2026-03-20T16:28:00	GC-NCO	133851	227896	A	B	B	True
2026-03-20T16:28:00	GC-NCO	227897	237312	B	A	het	True
2026-03-20T16:28:00	GC-CO	270914	375199	A	het	B	True
2026-03-20T16:28:00	GC-NCO	375200	581855	B	A	A	True
2026-03-20T16:28:00	GC-NCO	581856	600299	A	B	B	True
2026-03-20T16:28:00	CO-terminal	600300	814434	B	A	tel	False
2026-03-20T16:28:00	CO-terminal	1	16331	B	tel	A	False
2026-03-20T16:28:00	GC-CO	16332	72824	A	B	het	True
2026-03-20T16:28:00	GC-NCO	86918	89837	B	het	het	False
2026-03-20T16:28:00	GC-CO	209246	210447	B	het	het	False
2026-03-20T16:28:00	GC-NCO	211679	214789	B	het	het	False
2026-03-20T16:28:00	GC-CO	216518	220884	A	het	het	False
2026-03-20T16:28:00	GC-NCO	241850	246472	A	het	het	False
2026-03-20T16:28:00	GC-CO	263704	267177	A	het	het	False
2026-03-20T16:28:00	GC-NCO	350390	410558	A	het	B	True
2026-03-20T16:28:00	GC-NCO	410559	411121	B	A	A	True
2026-03-20T16:28:00	CO-terminal	411122	814434	A	B	tel	False
2026-03-20T16:28:00	GC-NCO	105276	106541	B	het	het	False
2026-03-20T16:28:00	GC-CO	107807	110069	A	het	het	False
2026-03-20T16:28:00	GC-NCO	116842	118600	A	het	het	False
2026-03-20T16:28:00	GC-NCO	151080	154122	A	het	het	False
2026-03-20T16:28:00	GC-NCO	203213	206710	A	het	het	False
2026-03-20T16:28:00	GC-NCO	224457	227200	A	het	het	False
2026-03-20T16:28:00	GC-CO	259293	263449	A	het	het	False
2026-03-20T16:28:00	GC-NCO	311919	316726	B	het	het	False
2026-03-20T16:28:00	GC-NCO	386956	387253	A	het	het	False
2026-03-20T16:28:00	GC-NCO	453594	454535	A	het	het	False
2026-03-20T16:28:00	GC-NCO	602819	603152	A	het	het	False
2026-03-20T16:28:00	GC-NCO	627633	627906	A	het	het	False
2026-03-20T16:28:00	GC-NCO	628484	632766	A	het	het	False
2026-03-20T16:28:00	GC-CO	657895	658733	A	het	het	False
2026-03-20T16:28:00	GC-NCO	692489	727906	B	het	A	True
2026-03-20T16:28:00	GC-NCO	727907	778871	A	B	B	True
2026-03-20T16:28:00	GC-NCO	778872	779180	B	A	A	True
2026-03-20T16:28:00	CO-terminal	779181	814434	A	B	tel	False
2026-03-20T16:28:00	CO-terminal	1	59577	A	tel	B	False
2026-03-20T16:28:00	GC-NCO	59578	91195	B	A	A	True
2026-03-20T16:28:00	GC-CO	91196	225390	A	B	het	True
2026-03-20T16:28:00	GC-CO	304510	307787	A	het	het	False
2026-03-20T16:28:00	GC-NCO	371969	734776	A	het	B	True
2026-03-20T16:28:00	CO-terminal	734777	814434	B	A	tel	False
2026-03-20T16:28:01	CO-terminal	1	15182	B	tel	A	False
2026-03-20T16:28:01	GC-NCO	15183	15478	A	B	B	True
2026-03-20T16:28:01	GC-NCO	15479	45557	B	A	A	True
2026-03-20T16:28:01	GC-NCO	45558	98145	A	B	B	True
2026-03-20T16:28:01	GC-NCO	98146	100357	B	A	A	True
2026-03-20T16:28:01	GC-CO	100358	176148	A	B	het	True
2026-03-20T16:28:01	GC-NCO	235853	237696	B	het	het	False
2026-03-20T16:28:01	GC-NCO	247227	250444	B	het	A	True
2026-03-20T16:28:01	GC-NCO	250445	788592	A	B	B	True
2026-03-20T16:28:01	CO-terminal	788593	814434	B	A	tel	False
2026-03-20T16:28:01	CO-terminal	1	33483	A	tel	B	False
2026-03-20T16:28:01	GC-NCO	33484	95173	B	A	A	True
2026-03-20T16:28:01	GC-NCO	95174	97920	A	B	B	True
2026-03-20T16:28:01	GC-NCO	97921	104844	B	A	A	True
2026-03-20T16:28:01	GC-NCO	104845	107014	A	B	B	True
2026-03-20T16:28:01	GC-NCO	107015	135306	B	A	A	True
2026-03-20T16:28:01	GC-NCO	135307	172451	A	B	B	True
2026-03-20T16:28:01	GC-NCO	172452	203408	B	A	het	True
2026-03-20T16:28:01	GC-NCO	249317	251462	A	het	het	False
2026-03-20T16:28:01	GC-NCO	416325	417550	A	het	het	False
2026-03-20T16:28:01	GC-NCO	418328	419369	A	het	het	False
2026-03-20T16:28:01	GC-NCO	446616	450313	A	het	het	False
2026-03-20T16:28:01	GC-NCO	490895	491547	A	het	het	False
2026-03-20T16:28:01	GC-CO	498623	499062	A	het	het	False
2026-03-20T16:28:01	GC-NCO	511820	515395	A	het	het	False
2026-03-20T16:28:01	GC-CO	638117	639838	A	het	het	False
2026-03-20T16:28:01	GC-CO	645372	646008	A	het	het	False
2026-03-20T16:28:01	GC-NCO	667394	669181	B	het	het	False
2026-03-20T16:28:01	GC-CO	682471	743764	B	het	A	True
2026-03-20T16:28:01	CO-terminal	743765	814434	A	B	tel	False
2026-03-20T16:28:01	CO-terminal	1	78054	B	tel	A	False
2026-03-20T16:28:01	GC-NCO	78055	180252	A	B	B	True
2026-03-20T16:28:01	GC-NCO	180253	184318	B	A	A	True
2026-03-20T16:28:01	GC-CO	184319	220523	A	B	het	True
2026-03-20T16:28:01	GC-CO	261637	281591	A	het	B	True
2026-03-20T16:28:01	CO-terminal	281592	814434	B	A	tel	False
2026-03-20T16:28:01	CO-terminal	1	23916	B	tel	het	False
2026-03-20T16:28:01	GC-NCO	28175	29909	A	het	het	False
2026-03-20T16:28:01	GC-NCO	149210	153515	A	het	het	False
2026-03-20T16:28:01	GC-CO	229791	234115	B	het	het	False
2026-03-20T16:28:01	GC-NCO	244017	244345	B	het	het	False
2026-03-20T16:28:01	GC-NCO	307901	308693	B	het	het	False
2026-03-20T16:28:01	GC-CO	317564	383259	A	het	B	True
2026-03-20T16:28:01	GC-NCO	383260	384699	B	A	A	True
2026-03-20T16:28:01	GC-NCO	384700	508884	A	B	B	True
2026-03-20T16:28:01	GC-NCO	508885	509624	B	A	A	True
2026-03-20T16:28:01	CO-terminal	509625	814434	A	B	tel	False
2026-03-20T16:28:01	CO-terminal	1	17870	B	tel	A	False
2026-03-20T16:28:01	GC-NCO	17871	20986	A	B	B	True
2026-03-20T16:28:01	GC-NCO	20987	66631	B	A	A	True
2026-03-20T16:28:01	GC-CO	66632	204766	A	B	het	True
2026-03-20T16:28:01	GC-NCO	232708	234699	A	het	het	False
2026-03-20T16:28:01	GC-CO	258999	262614	A	het	B	True
2026-03-20T16:28:01	GC-NCO	262615	332667	B	A	A	True
2026-03-20T16:28:01	GC-NCO	332668	335609	A	B	B	True
2026-03-20T16:28:01	GC-NCO	335610	416712	B	A	A	True
2026-03-20T16:28:01	CO-terminal	416713	814434	A	B	tel	False
2026-03-20T16:28:02	CO-terminal	1	34124	B	tel	het	False
2026-03-20T16:28:02	GC-CO	84934	87605	A	het	het	False
2026-03-20T16:28:02	GC-CO	170137	172057	A	het	het	False
2026-03-20T16:28:02	GC-CO	174868	175860	B	het	het	False
2026-03-20T16:28:02	GC-CO	219828	222870	A	het	het	False
2026-03-20T16:28:02	GC-CO	297808	298782	B	het	het	False
2026-03-20T16:28:02	GC-NCO	305734	308589	A	het	B	True
2026-03-20T16:28:02	GC-NCO	308590	375602	B	A	A	True
2026-03-20T16:28:02	CO-terminal	375603	814434	A	B	tel	False
2026-03-20T16:28:02	CO-terminal	1	169110	B	tel	het	False
2026-03-20T16:28:02	CO-terminal	243499	814434	A	het	tel	False
2026-03-20T16:28:02	CO-terminal	1	21191	B	tel	A	False
2026-03-20T16:28:02	GC-NCO	21192	74190	A	B	B	True
2026-03-20T16:28:02	GC-NCO	74191	177606	B	A	A	True
2026-03-20T16:28:02	GC-CO	177607	234710	A	B	het	True
2026-03-20T16:28:02	GC-NCO	241182	248070	B	het	A	True
2026-03-20T16:28:02	GC-NCO	248071	249626	A	B	B	True
2026-03-20T16:28:02	GC-NCO	249627	258768	B	A	A	True
2026-03-20T16:28:02	GC-NCO	258769	262919	A	B	B	True
2026-03-20T16:28:02	GC-NCO	262920	269340	B	A	A	True
2026-03-20T16:28:02	GC-NCO	269341	318543	A	B	B	True
2026-03-20T16:28:02	GC-NCO	318544	521384	B	A	A	True
2026-03-20T16:28:02	GC-NCO	521385	525218	A	B	B	True
2026-03-20T16:28:02	GC-NCO	525219	533687	B	A	A	True
2026-03-20T16:28:02	GC-NCO	533688	639336	A	B	B	True
2026-03-20T16:28:02	GC-NCO	639337	667980	B	A	A	True
2026-03-20T16:28:02	CO-terminal	667981	814434	A	B	tel	False
2026-03-20T16:28:02	CO-terminal	1	75126	A	tel	B	False
2026-03-20T16:28:02	GC-NCO	75127	227195	B	A	het	True
2026-03-20T16:28:02	GC-NCO	243486	244218	A	het	het	False
2026-03-20T16:28:02	GC-CO	290142	459249	A	het	B	True
2026-03-20T16:28:02	GC-NCO	459250	528512	B	A	A	True
2026-03-20T16:28:02	GC-NCO	528513	576884	A	B	B	True
2026-03-20T16:28:02	GC-NCO	576885	580878	B	A	A	True
2026-03-20T16:28:02	GC-NCO	580879	607032	A	B	B	True
2026-03-20T16:28:02	GC-NCO	607033	634255	B	A	A	True
2026-03-20T16:28:02	GC-NCO	634256	634533	A	B	B	True
2026-03-20T16:28:02	GC-NCO	634534	689766	B	A	A	True
2026-03-20T16:28:02	GC-NCO	689767	700281	A	B	B	True
2026-03-20T16:28:02	GC-NCO	700282	719132	B	A	A	True
2026-03-20T16:28:02	CO-terminal	719133	814434	A	B	tel	False
2026-03-20T16:28:03	CO-terminal	1	165340	B	tel	het	False
2026-03-20T16:28:03	GC-CO	235508	238999	A	het	het	False
2026-03-20T16:28:03	GC-NCO	300142	304997	B	het	het	False
2026-03-20T16:28:03	GC-NCO	327553	351607	B	het	A	True
2026-03-20T16:28:03	GC-NCO	351608	353428	A	B	B	True
2026-03-20T16:28:03	GC-NCO	353429	451086	B	A	A	True
2026-03-20T16:28:03	GC-NCO	451087	453941	A	B	B	True
2026-03-20T16:28:03	CO-terminal	453942	814434	B	A	tel	False
2026-03-20T16:28:03	CO-terminal	1	233123	B	tel	het	False
2026-03-20T16:28:03	GC-CO	258233	258379	B	het	het	False
2026-03-20T16:28:03	GC-NCO	281310	285446	A	het	het	False
2026-03-20T16:28:03	GC-CO	316308	319088	A	het	het	False
2026-03-20T16:28:03	GC-NCO	339572	341210	B	het	het	False
2026-03-20T16:28:03	GC-CO	347839	631104	A	het	B	True
2026-03-20T16:28:03	GC-NCO	631105	672582	B	A	A	True
2026-03-20T16:28:03	GC-NCO	672583	677572	A	B	B	True
2026-03-20T16:28:03	GC-NCO	677573	718436	B	A	A	True
2026-03-20T16:28:03	GC-NCO	718437	721792	A	B	B	True
2026-03-20T16:28:03	CO-terminal	721793	814434	B	A	tel	False
2026-03-20T16:28:03	CO-terminal	1	66601	A	tel	B	False
2026-03-20T16:28:03	GC-NCO	66602	69030	B	A	A	True
2026-03-20T16:28:03	GC-CO	69031	236690	A	B	het	True
2026-03-20T16:28:03	GC-NCO	264383	299801	B	het	A	True
2026-03-20T16:28:03	GC-NCO	299802	304439	A	B	B	True
2026-03-20T16:28:03	GC-NCO	304440	755772	B	A	A	True
2026-03-20T16:28:03	CO-terminal	755773	814434	A	B	tel	False
2026-03-20T16:28:03	CO-terminal	1	70489	B	tel	A	False
2026-03-20T16:28:03	GC-CO	70490	104603	A	B	het	True
2026-03-20T16:28:03	GC-NCO	135768	138101	B	het	het	False
2026-03-20T16:28:03	GC-NCO	150303	154011	B	het	het	False
2026-03-20T16:28:03	GC-CO	155304	159337	A	het	het	False
2026-03-20T16:28:03	GC-CO	180298	180937	B	het	het	False
2026-03-20T16:28:03	GC-NCO	182490	187147	B	het	het	False
2026-03-20T16:28:03	GC-CO	264889	266479	A	het	het	False
2026-03-20T16:28:03	GC-CO	304796	548699	B	het	A	True
2026-03-20T16:28:03	GC-NCO	548700	551027	A	B	B	True
2026-03-20T16:28:03	GC-NCO	551028	800827	B	A	A	True
2026-03-20T16:28:03	CO-terminal	800828	814434	A	B	tel	False
2026-03-20T16:28:04	CO-terminal	1	81825	B	tel	A	False
2026-03-20T16:28:04	GC-NCO	81826	123521	A	B	B	True
2026-03-20T16:28:04	GC-NCO	123522	124093	B	A	A	True
2026-03-20T16:28:04	GC-NCO	124094	165489	A	B	B	True
2026-03-20T16:28:04	GC-NCO	165490	199077	B	A	het	True
2026-03-20T16:28:04	GC-NCO	278924	319567	B	het	A	True
2026-03-20T16:28:04	CO-terminal	319568	814434	A	B	tel	False
2026-03-20T16:28:04	CO-terminal	1	17840	A	tel	B	False
2026-03-20T16:28:04	GC-NCO	17841	20520	B	A	A	True
2026-03-20T16:28:04	GC-NCO	20521	97932	A	B	B	True
2026-03-20T16:28:04	GC-NCO	97933	112060	B	A	A	True
2026-03-20T16:28:04	GC-NCO	112061	122028	A	B	B	True
2026-03-20T16:28:04	GC-NCO	122029	122521	B	A	A	True
2026-03-20T16:28:04	GC-NCO	122522	153327	A	B	B	True
2026-03-20T16:28:04	GC-CO	153328	208700	B	A	het	True
2026-03-20T16:28:04	GC-CO	211697	216695	A	het	het	False
2026-03-20T16:28:04	GC-NCO	217048	218003	B	het	het	False
2026-03-20T16:28:04	GC-CO	246566	346041	A	het	B	True
2026-03-20T16:28:04	CO-terminal	346042	814434	B	A	tel	False
2026-03-20T16:28:04	CO-terminal	1	223289	B	tel	het	False
2026-03-20T16:28:04	GC-CO	241265	265274	A	het	B	True
2026-03-20T16:28:04	GC-NCO	265275	316404	B	A	A	True
2026-03-20T16:28:04	GC-NCO	316405	541340	A	B	B	True
2026-03-20T16:28:04	GC-NCO	541341	760298	B	A	A	True
2026-03-20T16:28:04	CO-terminal	760299	814434	A	B	tel	False
2026-03-20T16:28:04	CO-terminal	1	201895	A	tel	het	False
2026-03-20T16:28:04	GC-CO	222791	223494	A	het	het	False
2026-03-20T16:28:04	GC-CO	351160	353995	B	het	het	False
2026-03-20T16:28:04	GC-NCO	359621	465830	A	het	B	True
2026-03-20T16:28:04	CO-terminal	465831	814434	B	A	tel	False
2026-03-20T16:28:04	CO-terminal	1	25858	A	tel	B	False
2026-03-20T16:28:04	GC-NCO	25859	59055	B	A	A	True
2026-03-20T16:28:04	GC-NCO	59056	121871	A	B	B	True
2026-03-20T16:28:04	GC-NCO	121872	122193	B	A	A	True
2026-03-20T16:28:04	GC-NCO	122194	155419	A	B	het	True
2026-03-20T16:28:04	GC-CO	235755	237744	B	het	het	False
2026-03-20T16:28:04	GC-NCO	245970	247379	A	het	het	False
2026-03-20T16:28:04	GC-NCO	266119	270342	B	het	het	False
2026-03-20T16:28:04	GC-CO	277644	295676	A	het	B	True
2026-03-20T16:28:04	GC-NCO	295677	299852	B	A	A	True
2026-03-20T16:28:04	GC-NCO	299853	329368	A	B	B	True
2026-03-20T16:28:04	GC-NCO	329369	333494	B	A	A	True
2026-03-20T16:28:04	GC-NCO	333495	477360	A	B	B	True
2026-03-20T16:28:04	GC-NCO	477361	479643	B	A	A	True
2026-03-20T16:28:04	GC-NCO	479644	571928	A	B	B	True
2026-03-20T16:28:04	CO-terminal	571929	814434	B	A	tel	False
2026-03-20T16:28:05	GC-NCO	3519	8344	B	het	het	False
2026-03-20T16:28:05	GC-NCO	11700	13490	B	het	het	False
2026-03-20T16:28:05	GC-NCO	51321	54049	B	het	het	False
2026-03-20T16:28:05	GC-NCO	152306	152639	B	het	het	False
2026-03-20T16:28:05	GC-NCO	187119	189550	A	het	het	False
2026-03-20T16:28:05	GC-CO	245440	250227	B	het	het	False
2026-03-20T16:28:05	GC-NCO	260096	276069	A	het	B	True
2026-03-20T16:28:05	GC-NCO	276070	531400	B	A	A	True
2026-03-20T16:28:05	CO-terminal	531401	814434	A	B	tel	False
2026-03-20T16:28:05	CO-terminal	1	19889	B	tel	A	False
2026-03-20T16:28:05	GC-NCO	19890	104246	A	B	B	True
2026-03-20T16:28:05	GC-NCO	104247	104402	B	A	A	True
2026-03-20T16:28:05	GC-NCO	104403	107856	A	B	B	True
2026-03-20T16:28:05	GC-NCO	107857	214769	B	A	het	True
2026-03-20T16:28:05	GC-NCO	241282	244330	B	het	het	False
2026-03-20T16:28:05	GC-NCO	249288	253798	A	het	het	False
2026-03-20T16:28:05	GC-NCO	309179	433474	B	het	A	True
2026-03-20T16:28:05	CO-terminal	433475	814434	A	B	tel	False
2026-03-20T16:28:05	CO-terminal	1	144728	A	tel	B	False
2026-03-20T16:28:05	GC-NCO	144729	187160	B	A	A	True
2026-03-20T16:28:05	GC-CO	187161	215773	A	B	het	True
2026-03-20T16:28:05	GC-NCO	260847	265447	A	het	het	False
2026-03-20T16:28:05	GC-CO	301938	362911	A	het	B	True
2026-03-20T16:28:05	CO-terminal	362912	814434	B	A	tel	False
2026-03-20T16:28:05	CO-terminal	1	120350	A	tel	B	False
2026-03-20T16:28:05	GC-NCO	120351	161125	B	A	het	True
2026-03-20T16:28:05	GC-CO	180797	185249	B	het	het	False
2026-03-20T16:28:05	GC-CO	226849	227003	B	het	het	False
2026-03-20T16:28:05	GC-CO	254331	486450	A	het	B	True
2026-03-20T16:28:05	CO-terminal	486451	814434	B	A	tel	False
2026-03-20T16:28:06	CO-terminal	1	76365	A	tel	het	False
2026-03-20T16:28:06	GC-CO	82249	85427	A	het	het	False
2026-03-20T16:28:06	GC-CO	134428	134979	A	het	het	False
2026-03-20T16:28:06	GC-NCO	206966	209745	A	het	het	False
2026-03-20T16:28:06	GC-NCO	214766	219029	A	het	het	False
2026-03-20T16:28:06	GC-NCO	241205	241519	B	het	het	False
2026-03-20T16:28:06	GC-NCO	264375	374178	B	het	A	True
2026-03-20T16:28:06	GC-NCO	374179	565884	A	B	B	True
2026-03-20T16:28:06	GC-NCO	565885	696860	B	A	A	True
2026-03-20T16:28:06	GC-NCO	696861	697485	A	B	B	True
2026-03-20T16:28:06	GC-NCO	697486	759298	B	A	A	True
2026-03-20T16:28:06	GC-NCO	759299	760116	A	B	B	True
2026-03-20T16:28:06	CO-terminal	760117	814434	B	A	tel	False
2026-03-20T16:28:06	CO-terminal	1	205350	A	tel	het	False
2026-03-20T16:28:06	GC-NCO	261224	342551	B	het	A	True
2026-03-20T16:28:06	GC-NCO	342552	347249	A	B	B	True
2026-03-20T16:28:06	GC-NCO	347250	379396	B	A	A	True
2026-03-20T16:28:06	GC-NCO	379397	422252	A	B	B	True
2026-03-20T16:28:06	GC-NCO	422253	430972	B	A	A	True
2026-03-20T16:28:06	CO-terminal	430973	814434	A	B	tel	False
2026-03-20T16:28:06	CO-terminal	1	165799	A	tel	het	False
2026-03-20T16:28:06	GC-NCO	171825	172635	A	het	het	False
2026-03-20T16:28:06	GC-NCO	172924	177222	A	het	het	False
2026-03-20T16:28:06	GC-NCO	248314	387390	B	het	A	True
2026-03-20T16:28:06	CO-terminal	387391	814434	A	B	tel	False
2026-03-20T16:28:06	CO-terminal	1	224549	A	tel	het	False
2026-03-20T16:28:06	GC-NCO	230279	233786	B	het	het	False
2026-03-20T16:28:06	GC-CO	250610	259080	A	het	B	True
2026-03-20T16:28:06	GC-NCO	259081	260984	B	A	A	True
2026-03-20T16:28:06	GC-NCO	260985	283527	A	B	B	True
2026-03-20T16:28:06	GC-NCO	283528	284418	B	A	A	True
2026-03-20T16:28:06	GC-NCO	284419	285017	A	B	B	True
2026-03-20T16:28:06	GC-NCO	285018	307206	B	A	A	True
2026-03-20T16:28:06	GC-NCO	307207	347268	A	B	B	True
2026-03-20T16:28:06	GC-NCO	347269	645276	B	A	A	True
2026-03-20T16:28:06	GC-NCO	645277	652566	A	B	B	True
2026-03-20T16:28:06	GC-NCO	652567	654145	B	A	A	True
2026-03-20T16:28:06	CO-terminal	654146	814434	A	B	tel	False
2026-03-20T16:28:06	CO-terminal	1	20861	A	tel	het	False
2026-03-20T16:28:06	GC-CO	224406	228393	B	het	het	False
2026-03-20T16:28:06	GC-CO	266373	274703	A	het	B	True
2026-03-20T16:28:06	GC-NCO	274704	287784	B	A	A	True
2026-03-20T16:28:06	GC-NCO	287785	295885	A	B	B	True
2026-03-20T16:28:06	GC-NCO	295886	298116	B	A	A	True
2026-03-20T16:28:06	GC-NCO	298117	307198	A	B	B	True
2026-03-20T16:28:06	GC-NCO	307199	323078	B	A	A	True
2026-03-20T16:28:06	GC-NCO	323079	326695	A	B	B	True
2026-03-20T16:28:06	GC-NCO	326696	343449	B	A	A	True
2026-03-20T16:28:06	GC-NCO	343450	348806	A	B	B	True
2026-03-20T16:28:06	GC-NCO	348807	352072	B	A	A	True
2026-03-20T16:28:06	CO-terminal	352073	814434	A	B	tel	False
2026-03-20T16:28:07	GC-CO	107209	112142	A	het	het	False
2026-03-20T16:28:07	GC-CO	112673	112801	B	het	het	False
2026-03-20T16:28:07	GC-NCO	156792	158376	B	het	het	False
2026-03-20T16:28:07	GC-CO	161588	162229	A	het	het	False
2026-03-20T16:28:07	GC-CO	169541	171158	A	het	het	False
2026-03-20T16:28:07	GC-NCO	187393	190350	B	het	het	False
2026-03-20T16:28:07	CO-terminal	266971	814434	A	het	tel	False
2026-03-20T16:28:07	CO-terminal	1	104325	B	tel	A	False
2026-03-20T16:28:07	GC-CO	104326	119012	A	B	het	True
2026-03-20T16:28:07	GC-CO	164381	170028	B	het	het	False
2026-03-20T16:28:07	GC-CO	185303	185619	B	het	het	False
2026-03-20T16:28:07	GC-NCO	233706	238637	B	het	het	False
2026-03-20T16:28:07	GC-NCO	268856	270049	B	het	het	False
2026-03-20T16:28:07	GC-NCO	301398	313169	B	het	A	True
2026-03-20T16:28:07	GC-NCO	313170	428541	A	B	B	True
2026-03-20T16:28:07	CO-terminal	428542	814434	B	A	tel	False
2026-03-20T16:28:07	CO-terminal	1	131582	A	tel	B	False
2026-03-20T16:28:07	GC-NCO	131583	202185	B	A	het	True
2026-03-20T16:28:07	GC-NCO	219714	224391	A	het	het	False
2026-03-20T16:28:07	GC-CO	277514	280951	B	het	het	False
2026-03-20T16:28:07	GC-NCO	280986	283731	A	het	het	False
2026-03-20T16:28:07	GC-CO	378092	380599	B	het	het	False
2026-03-20T16:28:07	CO-terminal	394116	814434	B	het	tel	False
2026-03-20T16:28:07	CO-terminal	1	102985	B	tel	A	False
2026-03-20T16:28:07	GC-NCO	102986	103428	A	B	B	True
2026-03-20T16:28:07	GC-NCO	103429	154988	B	A	A	True
2026-03-20T16:28:07	GC-CO	154989	188571	A	B	het	True
2026-03-20T16:28:07	GC-NCO	192057	192166	B	het	het	False
2026-03-20T16:28:07	GC-NCO	232919	236260	B	het	het	False
2026-03-20T16:28:07	GC-CO	255342	257005	B	het	het	False
2026-03-20T16:28:07	GC-NCO	265204	269895	A	het	het	False
2026-03-20T16:28:07	GC-NCO	301321	301698	A	het	het	False
2026-03-20T16:28:07	GC-CO	306910	309609	A	het	het	False
2026-03-20T16:28:07	GC-NCO	315364	315564	A	het	het	False
2026-03-20T16:28:07	GC-NCO	332751	410703	B	het	A	True
2026-03-20T16:28:07	GC-NCO	410704	575306	A	B	B	True
2026-03-20T16:28:07	GC-NCO	575307	576982	B	A	A	True
2026-03-20T16:28:07	GC-NCO	576983	600288	A	B	B	True
2026-03-20T16:28:07	GC-NCO	600289	682226	B	A	A	True
2026-03-20T16:28:07	CO-terminal	682227	814434	A	B	tel	False
2026-03-20T16:28:08	CO-terminal	1	113393	A	tel	het	False
2026-03-20T16:28:08	GC-CO	133617	136921	B	het	het	False
2026-03-20T16:28:08	GC-NCO	155193	159234	A	het	het	False
2026-03-20T16:28:08	GC-NCO	207299	207756	B	het	het	False
2026-03-20T16:28:08	GC-CO	309109	649365	A	het	B	True
2026-03-20T16:28:08	GC-NCO	649366	681815	B	A	A	True
2026-03-20T16:28:08	GC-NCO	681816	685002	A	B	B	True
2026-03-20T16:28:08	CO-terminal	685003	814434	B	A	tel	False
2026-03-20T16:28:08	CO-terminal	1	11356	B	tel	A	False
2026-03-20T16:28:08	GC-CO	11357	216827	A	B	het	True
2026-03-20T16:28:08	GC-CO	286525	386704	A	het	B	True
2026-03-20T16:28:08	GC-NCO	386705	563077	B	A	A	True
2026-03-20T16:28:08	CO-terminal	563078	814434	A	B	tel	False
2026-03-20T16:28:08	CO-terminal	1	2558	A	tel	B	False
2026-03-20T16:28:08	GC-NCO	2559	5648	B	A	A	True
2026-03-20T16:28:08	GC-CO	5649	208441	A	B	het	True
2026-03-20T16:28:08	GC-NCO	246816	251717	A	het	het	False
2026-03-20T16:28:08	GC-CO	263364	312253	A	het	B	True
2026-03-20T16:28:08	GC-NCO	312254	369337	B	A	A	True
2026-03-20T16:28:08	GC-NCO	369338	374338	A	B	B	True
2026-03-20T16:28:08	GC-NCO	374339	422925	B	A	A	True
2026-03-20T16:28:08	GC-NCO	422926	451603	A	B	B	True
2026-03-20T16:28:08	GC-NCO	451604	456558	B	A	A	True
2026-03-20T16:28:08	GC-NCO	456559	546923	A	B	B	True
2026-03-20T16:28:08	GC-NCO	546924	548038	B	A	A	True
2026-03-20T16:28:08	GC-NCO	548039	588719	A	B	B	True
2026-03-20T16:28:08	GC-NCO	588720	591145	B	A	A	True
2026-03-20T16:28:08	GC-NCO	591146	618408	A	B	B	True
2026-03-20T16:28:08	GC-NCO	618409	620868	B	A	A	True
2026-03-20T16:28:08	GC-NCO	620869	692592	A	B	B	True
2026-03-20T16:28:08	CO-terminal	692593	814434	B	A	tel	False
2026-03-20T16:28:08	CO-terminal	1	15901	A	tel	B	False
2026-03-20T16:28:08	GC-NCO	15902	59321	B	A	A	True
2026-03-20T16:28:08	GC-NCO	59322	62673	A	B	B	True
2026-03-20T16:28:08	GC-NCO	62674	146896	B	A	A	True
2026-03-20T16:28:08	GC-NCO	146897	150447	A	B	B	True
2026-03-20T16:28:08	GC-NCO	150448	200323	B	A	het	True
2026-03-20T16:28:08	GC-NCO	246167	246931	B	het	het	False
2026-03-20T16:28:08	GC-NCO	278593	279774	A	het	het	False
2026-03-20T16:28:08	GC-NCO	362888	365606	A	het	het	False
2026-03-20T16:28:08	GC-NCO	371503	373748	B	het	het	False
2026-03-20T16:28:08	GC-CO	389701	396703	A	het	B	True
2026-03-20T16:28:08	GC-NCO	396704	399526	B	A	A	True
2026-03-20T16:28:08	GC-NCO	399527	440102	A	B	B	True
2026-03-20T16:28:08	GC-NCO	440103	767127	B	A	A	True
2026-03-20T16:28:08	CO-terminal	767128	814434	A	B	tel	False
2026-03-20T16:28:08	GC-NCO	36348	38245	B	het	het	False
2026-03-20T16:28:08	GC-NCO	193075	193189	B	het	het	False
2026-03-20T16:28:08	GC-CO	271776	299778	A	het	B	True
2026-03-20T16:28:08	GC-NCO	299779	335893	B	A	A	True
2026-03-20T16:28:08	GC-NCO	335894	336278	A	B	B	True
2026-03-20T16:28:08	GC-NCO	336279	496206	B	A	A	True
2026-03-20T16:28:08	GC-NCO	496207	537436	A	B	B	True
2026-03-20T16:28:08	CO-terminal	537437	814434	B	A	tel	False
2026-03-20T16:28:09	CO-terminal	1	117214	A	tel	B	False
2026-03-20T16:28:09	GC-NCO	117215	144783	B	A	A	True
2026-03-20T16:28:09	GC-NCO	144784	149092	A	B	B	True
2026-03-20T16:28:09	GC-NCO	149093	207544	B	A	A	True
2026-03-20T16:28:09	GC-NCO	207545	207791	A	B	B	True
2026-03-20T16:28:09	GC-NCO	207792	236778	B	A	het	True
2026-03-20T16:28:09	GC-NCO	295245	295669	A	het	het	False
2026-03-20T16:28:09	CO-terminal	325275	814434	B	het	tel	False
2026-03-20T16:28:09	CO-terminal	1	78570	B	tel	A	False
2026-03-20T16:28:09	GC-NCO	78571	89438	A	B	het	True
2026-03-20T16:28:09	GC-CO	199924	203249	B	het	het	False
2026-03-20T16:28:09	GC-NCO	205405	205591	B	het	het	False
2026-03-20T16:28:09	GC-CO	277783	279821	B	het	het	False
2026-03-20T16:28:09	GC-NCO	294346	381080	A	het	B	True
2026-03-20T16:28:09	GC-NCO	381081	420849	B	A	A	True
2026-03-20T16:28:09	GC-NCO	420850	472978	A	B	B	True
2026-03-20T16:28:09	GC-NCO	472979	486791	B	A	A	True
2026-03-20T16:28:09	GC-NCO	486792	487882	A	B	B	True
2026-03-20T16:28:09	GC-NCO	487883	603927	B	A	A	True
2026-03-20T16:28:09	GC-NCO	603928	797150	A	B	B	True
2026-03-20T16:28:09	GC-NCO	797151	798882	B	A	A	True
2026-03-20T16:28:09	GC-NCO	798883	804856	A	B	B	True
2026-03-20T16:28:09	CO-terminal	804857	814434	B	A	tel	False
2026-03-20T16:28:09	CO-terminal	1	53639	B	tel	A	False
2026-03-20T16:28:09	GC-NCO	53640	79853	A	B	B	True
2026-03-20T16:28:09	GC-NCO	79854	82520	B	A	het	True
2026-03-20T16:28:09	GC-CO	83865	122952	A	het	B	True
2026-03-20T16:28:09	GC-NCO	122953	123674	B	A	A	True
2026-03-20T16:28:09	GC-NCO	123675	185333	A	B	B	True
2026-03-20T16:28:09	GC-NCO	185334	190263	B	A	A	True
2026-03-20T16:28:09	GC-CO	190264	216221	A	B	het	True
2026-03-20T16:28:09	GC-NCO	251899	255468	A	het	het	False
2026-03-20T16:28:09	GC-CO	270240	271643	B	het	het	False
2026-03-20T16:28:09	GC-CO	321719	325857	B	het	het	False
2026-03-20T16:28:09	GC-NCO	381827	423132	B	het	A	True
2026-03-20T16:28:09	GC-NCO	423133	574457	A	B	B	True
2026-03-20T16:28:09	CO-terminal	574458	814434	B	A	tel	False
2026-03-20T16:28:09	CO-terminal	1	51842	B	tel	A	False
2026-03-20T16:28:09	GC-NCO	51843	55112	A	B	B	True
2026-03-20T16:28:09	GC-NCO	55113	67422	B	A	A	True
2026-03-20T16:28:09	GC-NCO	67423	69998	A	B	B	True
2026-03-20T16:28:09	GC-NCO	69999	105839	B	A	A	True
2026-03-20T16:28:09	GC-CO	105840	189775	A	B	het	True
2026-03-20T16:28:09	GC-NCO	210694	211756	A	het	het	False
2026-03-20T16:28:09	GC-NCO	264749	269415	B	het	het	False
2026-03-20T16:28:09	GC-NCO	339894	341377	A	het	het	False
2026-03-20T16:28:09	GC-NCO	342498	345223	A	het	het	False
2026-03-20T16:28:09	GC-CO	378910	461620	A	het	B	True
2026-03-20T16:28:09	GC-NCO	461621	494881	B	A	A	True
2026-03-20T16:28:09	GC-NCO	494882	551244	A	B	B	True
2026-03-20T16:28:09	GC-NCO	551245	551610	B	A	A	True
2026-03-20T16:28:09	GC-NCO	551611	627673	A	B	B	True
2026-03-20T16:28:09	GC-NCO	627674	683403	B	A	A	True
2026-03-20T16:28:09	GC-NCO	683404	686051	A	B	B	True
2026-03-20T16:28:09	GC-NCO	686052	743124	B	A	A	True
2026-03-20T16:28:09	CO-terminal	743125	814434	A	B	tel	False
